agency_id,route_id
ac_transit,ac_transit_11
ac_transit,ac_transit_12
ac_transit,ac_transit_13
ac_transit,ac_transit_13A
ac_transit,ac_transit_14
ac_transit,ac_transit_210
ac_transit,ac_transit_211
ac_transit,ac_transit_212
ac_transit,ac_transit_213
ac_transit,ac_transit_214
ac_transit,ac_transit_215
ac_transit,ac_transit_216
ac_transit,ac_transit_217
ac_transit,ac_transit_218
ac_transit,ac_transit_231
ac_transit,ac_transit_232
ac_transit,ac_transit_235
ac_transit,ac_transit_376East
ac_transit,ac_transit_376West
ac_transit,ac_transit_40
ac_transit,ac_transit_40A
ac_transit,ac_transit_40L
ac_transit,ac_transit_41
ac_transit,ac_transit_43.1
ac_transit,ac_transit_43.2
ac_transit,ac_transit_43.3
ac_transit,ac_transit_45
ac_transit,ac_transit_46
ac_transit,ac_transit_47
ac_transit,ac_transit_48
ac_transit,ac_transit_50
ac_transit,ac_transit_51A
ac_transit,ac_transit_52
ac_transit,ac_transit_53.1
ac_transit,ac_transit_53.2
ac_transit,ac_transit_54
ac_transit,ac_transit_55
ac_transit,ac_transit_56CCW
ac_transit,ac_transit_56CW
ac_transit,ac_transit_57
ac_transit,ac_transit_59
ac_transit,ac_transit_59.1
ac_transit,ac_transit_62
ac_transit,ac_transit_63
ac_transit,ac_transit_65
ac_transit,ac_transit_67
ac_transit,ac_transit_7
ac_transit,ac_transit_70
ac_transit,ac_transit_71
ac_transit,ac_transit_72
ac_transit,ac_transit_72M
ac_transit,ac_transit_72R
ac_transit,ac_transit_74
ac_transit,ac_transit_76
ac_transit,ac_transit_77
ac_transit,ac_transit_80
ac_transit,ac_transit_800
ac_transit,ac_transit_81
ac_transit,ac_transit_81A
ac_transit,ac_transit_82
ac_transit,ac_transit_82L
ac_transit,ac_transit_83
ac_transit,ac_transit_84
ac_transit,ac_transit_85
ac_transit,ac_transit_85A
ac_transit,ac_transit_85B
ac_transit,ac_transit_86
ac_transit,ac_transit_86A
ac_transit,ac_transit_87
ac_transit,ac_transit_88
ac_transit,ac_transit_91.1MID
ac_transit,ac_transit_91.2MID
ac_transit,ac_transit_91NBAM
ac_transit,ac_transit_91SBAM
ac_transit,ac_transit_92
ac_transit,ac_transit_93
ac_transit,ac_transit_94
ac_transit,ac_transit_95
ac_transit,ac_transit_97
ac_transit,ac_transit_98.1
ac_transit,ac_transit_98.2
ac_transit,ac_transit_99
ac_transit,ac_transit_99A
ac_transit,ac_transit_B
ac_transit,ac_transit_C
ac_transit,ac_transit_CB
ac_transit,ac_transit_E
ac_transit,ac_transit_EA
ac_transit,ac_transit_F
ac_transit,ac_transit_FS
ac_transit,ac_transit_G
ac_transit,ac_transit_H
ac_transit,ac_transit_J
ac_transit,ac_transit_L
ac_transit,ac_transit_LA
ac_transit,ac_transit_M
ac_transit,ac_transit_M.1
ac_transit,ac_transit_M.2
ac_transit,ac_transit_MA
ac_transit,ac_transit_MMID
ac_transit,ac_transit_NL
ac_transit,ac_transit_NX
ac_transit,ac_transit_NX1
ac_transit,ac_transit_NX2
ac_transit,ac_transit_NX3
ac_transit,ac_transit_NX4.1
ac_transit,ac_transit_NX4.2
ac_transit,ac_transit_O
ac_transit,ac_transit_O.1
ac_transit,ac_transit_O.2
ac_transit,ac_transit_OX
ac_transit,ac_transit_P
ac_transit,ac_transit_Q
ac_transit,ac_transit_S
ac_transit,ac_transit_SA
ac_transit,ac_transit_SB
ac_transit,ac_transit_U
ac_transit,ac_transit_V
ac_transit,ac_transit_W
ac_transit,ac_transit_Z
ace,ace_ACE_
airbart,airbart_AIRBRT
american_canyon,american_canyon_AMCN
amtrak,amtrak_CAP1
amtrak,amtrak_CAP2
amtrak,amtrak_SJQ
bart,bart_BART_BLU
bart,bart_BART_GRN
bart,bart_BART_ORG
bart,bart_BART_RED
bart,bart_BART_YEL
bart,bart_BART_YL1
bart,bart_BART_YL2
benicia,benicia_15
benicia,benicia_16A
benicia,benicia_16B
benicia,benicia_17
benicia,benicia_18A
benicia,benicia_23
benicia,benicia_PHVJ
benicia,benicia_PHVJ1
benicia,benicia_VJPH
benicia,benicia_VJPH1
caltrain,caltrain_AB1N
caltrain,caltrain_AB1S
caltrain,caltrain_AB2N
caltrain,caltrain_AB2S
caltrain,caltrain_AB2Spm
caltrain,caltrain_Bb1N
caltrain,caltrain_Bb1Npm
caltrain,caltrain_Bb1S
caltrain,caltrain_Bb1Spm
caltrain,caltrain_Bb2N
caltrain,caltrain_Bb2S
caltrain,caltrain_Bb2Spm
caltrain,caltrain_LocalN
caltrain,caltrain_LocalS
caltrain,caltrain_Ltd
caltrain,caltrain_LtdN
caltrain,caltrain_LtdNpm
caltrain_shuttle,caltrain_shuttle_BARTCP
caltrain_shuttle,caltrain_shuttle_BARTSP_AM
caltrain_shuttle,caltrain_shuttle_BARTSP_PM
caltrain_shuttle,caltrain_shuttle_CT
caltrain_shuttle,caltrain_shuttle_CTBB
caltrain_shuttle,caltrain_shuttle_CTBM
caltrain_shuttle,caltrain_shuttle_CTBW
caltrain_shuttle,caltrain_shuttle_CTBW_
caltrain_shuttle,caltrain_shuttle_CTCD_EMP
caltrain_shuttle,caltrain_shuttle_CTCD_EMP_
caltrain_shuttle,caltrain_shuttle_CTCD_RES
caltrain_shuttle,caltrain_shuttle_CTCD_RES_
caltrain_shuttle,caltrain_shuttle_CTCP
caltrain_shuttle,caltrain_shuttle_CTDA
caltrain_shuttle,caltrain_shuttle_CTDC
caltrain_shuttle,caltrain_shuttle_CTDC_
caltrain_shuttle,caltrain_shuttle_CTEA
caltrain_shuttle,caltrain_shuttle_CTEA2
caltrain_shuttle,caltrain_shuttle_CTEA2_
caltrain_shuttle,caltrain_shuttle_CTEA_
caltrain_shuttle,caltrain_shuttle_CTEPA
caltrain_shuttle,caltrain_shuttle_CTGN
caltrain_shuttle,caltrain_shuttle_CTGN_
caltrain_shuttle,caltrain_shuttle_CTGW
caltrain_shuttle,caltrain_shuttle_CTGW_
caltrain_shuttle,caltrain_shuttle_CTLC
caltrain_shuttle,caltrain_shuttle_CTMC
caltrain_shuttle,caltrain_shuttle_CTMI_PCA
caltrain_shuttle,caltrain_shuttle_CTMM
caltrain_shuttle,caltrain_shuttle_CTMM_
caltrain_shuttle,caltrain_shuttle_CTMR
caltrain_shuttle,caltrain_shuttle_CTMVDA
caltrain_shuttle,caltrain_shuttle_CTNA_EMP
caltrain_shuttle,caltrain_shuttle_CTNA_EMP_
caltrain_shuttle,caltrain_shuttle_CTNA_RES
caltrain_shuttle,caltrain_shuttle_CTNA_RES_
caltrain_shuttle,caltrain_shuttle_CTNB_
caltrain_shuttle,caltrain_shuttle_CTNF
caltrain_shuttle,caltrain_shuttle_CTNF_
caltrain_shuttle,caltrain_shuttle_CTOP
caltrain_shuttle,caltrain_shuttle_CTOR
caltrain_shuttle,caltrain_shuttle_CTOR_
caltrain_shuttle,caltrain_shuttle_CTPS
caltrain_shuttle,caltrain_shuttle_CTRS
caltrain_shuttle,caltrain_shuttle_CTRS_CLIP
caltrain_shuttle,caltrain_shuttle_CTSH
caltrain_shuttle,caltrain_shuttle_CTSP
caltrain_shuttle,caltrain_shuttle_CTUG
caltrain_shuttle,caltrain_shuttle_CTVA
caltrain_shuttle,caltrain_shuttle_CTWR
caltrain_shuttle,caltrain_shuttle_CTWR_
caltrain_shuttle,caltrain_shuttle_CTWR_EXP
caltrain_shuttle,caltrain_shuttle_CTWR_EXP_
cccta,cccta_101
cccta,cccta_101MD
cccta,cccta_102A
cccta,cccta_102CC
cccta,cccta_104
cccta,cccta_105CC
cccta,cccta_106A
cccta,cccta_106AM
cccta,cccta_106MD
cccta,cccta_107CC
cccta,cccta_108CC
cccta,cccta_109CC
cccta,cccta_110C
cccta,cccta_110K
cccta,cccta_110P
cccta,cccta_111A
cccta,cccta_111B
cccta,cccta_114AM
cccta,cccta_114MD
cccta,cccta_115CC
cccta,cccta_116CC
cccta,cccta_117CC
cccta,cccta_118CC
cccta,cccta_119
cccta,cccta_121CC
cccta,cccta_124CC
cccta,cccta_127CC
cccta,cccta_206A
cccta,cccta_206A1
cccta,cccta_206A2
cccta,cccta_206L
cccta,cccta_221CC
cccta,cccta_259SR
cccta,cccta_920
cccta,cccta_920A
cccta,cccta_930
cccta,cccta_960BNB1CC
cccta,cccta_960BNB2CC
cccta,cccta_960BNB3CC
cccta,cccta_960BNBMD
cccta,cccta_960BSB1CC
cccta,cccta_960BSB2CC
cccta,cccta_960BSBMD
cccta,cccta_960CNB1CC
cccta,cccta_960CNB2CC
cccta,cccta_960CNB3CC
cccta,cccta_960CSB1CC
cccta,cccta_960CSB2CC
cccta,cccta_960CSB3CC
cccta,cccta_970B.1
cccta,cccta_970B.2
cccta,cccta_970B.3
cccta,cccta_970C
cccta,cccta_991
fast,fast_1
fast,fast_2
fast,fast_220
fast,fast_3
fast,fast_30EBOP
fast,fast_30EBP
fast,fast_30WBOP
fast,fast_30WBP
fast,fast_4
fast,fast_40
fast,fast_40NB1
fast,fast_40SB1
fast,fast_5
fast,fast_6
fast,fast_6EBEXP
fast,fast_7
ferry,ferry_FBFWVAL
ferry,ferry_FBHB
ferry,ferry_FBOAKALA
ferry,ferry_FBSAU
ferry,ferry_FBTIB
ferry,ferry_FWSAU
ferry,ferry_FWTIB
ferry,ferry_HBFB
ferry,ferry_LARKN
ferry,ferry_LARKS
ferry,ferry_OAKALAFB
ferry,ferry_OAKOP
ferry,ferry_OPOAK
ferry,ferry_SAUFB
ferry,ferry_SAUFW
ferry,ferry_TIBFB
ferry,ferry_TIBFW
ferry,ferry_VALFB
golden_gate_transit,golden_gate_transit_GG10
golden_gate_transit,golden_gate_transit_GG10NBX
golden_gate_transit,golden_gate_transit_GG10SBX
golden_gate_transit,golden_gate_transit_GG15
golden_gate_transit,golden_gate_transit_GG18
golden_gate_transit,golden_gate_transit_GG2
golden_gate_transit,golden_gate_transit_GG21
golden_gate_transit,golden_gate_transit_GG22
golden_gate_transit,golden_gate_transit_GG22A
golden_gate_transit,golden_gate_transit_GG23A
golden_gate_transit,golden_gate_transit_GG23B
golden_gate_transit,golden_gate_transit_GG23C
golden_gate_transit,golden_gate_transit_GG23D
golden_gate_transit,golden_gate_transit_GG24NBA
golden_gate_transit,golden_gate_transit_GG24NBB
golden_gate_transit,golden_gate_transit_GG24SBA
golden_gate_transit,golden_gate_transit_GG24SBB
golden_gate_transit,golden_gate_transit_GG26
golden_gate_transit,golden_gate_transit_GG27
golden_gate_transit,golden_gate_transit_GG29
golden_gate_transit,golden_gate_transit_GG32
golden_gate_transit,golden_gate_transit_GG33
golden_gate_transit,golden_gate_transit_GG34
golden_gate_transit,golden_gate_transit_GG35
golden_gate_transit,golden_gate_transit_GG36
golden_gate_transit,golden_gate_transit_GG38
golden_gate_transit,golden_gate_transit_GG4
golden_gate_transit,golden_gate_transit_GG40
golden_gate_transit,golden_gate_transit_GG42
golden_gate_transit,golden_gate_transit_GG44
golden_gate_transit,golden_gate_transit_GG53
golden_gate_transit,golden_gate_transit_GG54
golden_gate_transit,golden_gate_transit_GG55
golden_gate_transit,golden_gate_transit_GG56
golden_gate_transit,golden_gate_transit_GG57
golden_gate_transit,golden_gate_transit_GG58
golden_gate_transit,golden_gate_transit_GG59
golden_gate_transit,golden_gate_transit_GG60
golden_gate_transit,golden_gate_transit_GG63
golden_gate_transit,golden_gate_transit_GG70
golden_gate_transit,golden_gate_transit_GG70NBX
golden_gate_transit,golden_gate_transit_GG70SBX
golden_gate_transit,golden_gate_transit_GG72
golden_gate_transit,golden_gate_transit_GG72NBA
golden_gate_transit,golden_gate_transit_GG72SBA
golden_gate_transit,golden_gate_transit_GG72SBB
golden_gate_transit,golden_gate_transit_GG72X
golden_gate_transit,golden_gate_transit_GG74
golden_gate_transit,golden_gate_transit_GG75
golden_gate_transit,golden_gate_transit_GG76
golden_gate_transit,golden_gate_transit_GG8
golden_gate_transit,golden_gate_transit_GG80
golden_gate_transit,golden_gate_transit_GG9
golden_gate_transit,golden_gate_transit_GG93
golden_gate_transit,golden_gate_transit_GG97
lavta,lavta_12
lavta,lavta_12EBX
lavta,lavta_12WBX
lavta,lavta_54
lavta,lavta_70Wnt/
lavta,lavta_Intel/
lavta,lavta_Lk/Sny/
lavta,lavta_W10
lavta,lavta_W10A
lavta,lavta_W11nb
lavta,lavta_W11sb
lavta,lavta_W14
lavta,lavta_W15nb
lavta,lavta_W15sb
lavta,lavta_W18Aeb
lavta,lavta_W18Awb
lavta,lavta_W18Beb
lavta,lavta_W18Bwb
lavta,lavta_W1A
lavta,lavta_W1B
lavta,lavta_W20X
lavta,lavta_W20XR
lavta,lavta_W3A
lavta,lavta_W3P
lavta,lavta_W7
lavta,lavta_W8
petaluma,petaluma_1CheryVal
petaluma,petaluma_2NorthMcD
petaluma,petaluma_2SouthMcD
petaluma,petaluma_3Ely
presidigo,presidigo_CFR
presidigo,presidigo_DTNIB
presidigo,presidigo_DTNOB
presidigo,presidigo_PHR
samtrans,samtrans_110
samtrans,samtrans_110A
samtrans,samtrans_112
samtrans,samtrans_120
samtrans,samtrans_121
samtrans,samtrans_122
samtrans,samtrans_123A
samtrans,samtrans_123B
samtrans,samtrans_130
samtrans,samtrans_132
samtrans,samtrans_133
samtrans,samtrans_140
samtrans,samtrans_141
samtrans,samtrans_14CCW
samtrans,samtrans_14CW
samtrans,samtrans_16A
samtrans,samtrans_16B
samtrans,samtrans_16C
samtrans,samtrans_16D
samtrans,samtrans_16E
samtrans,samtrans_17
samtrans,samtrans_250E
samtrans,samtrans_250W
samtrans,samtrans_251
samtrans,samtrans_260
samtrans,samtrans_260A
samtrans,samtrans_262
samtrans,samtrans_270n
samtrans,samtrans_270s
samtrans,samtrans_271
samtrans,samtrans_274
samtrans,samtrans_280
samtrans,samtrans_281
samtrans,samtrans_292N
samtrans,samtrans_292NA
samtrans,samtrans_292S
samtrans,samtrans_292SA
samtrans,samtrans_294
samtrans,samtrans_295
samtrans,samtrans_295A
samtrans,samtrans_296
samtrans,samtrans_296NBA
samtrans,samtrans_296NBC
samtrans,samtrans_296NBD
samtrans,samtrans_297
samtrans,samtrans_390
samtrans,samtrans_391
samtrans,samtrans_391NA
samtrans,samtrans_391NC
samtrans,samtrans_391SA
samtrans,samtrans_391SC
samtrans,samtrans_397
samtrans,samtrans_53A
samtrans,samtrans_53B
samtrans,samtrans_54A
samtrans,samtrans_54B
samtrans,samtrans_54C
samtrans,samtrans_55
samtrans,samtrans_58A
samtrans,samtrans_58B
samtrans,samtrans_72
samtrans,samtrans_72A
samtrans,samtrans_73
samtrans,samtrans_83A
samtrans,samtrans_83AR
samtrans,samtrans_83B
samtrans,samtrans_83BR
samtrans,samtrans_83C
samtrans,samtrans_83D
samtrans,samtrans_85A
samtrans,samtrans_85B
samtrans,samtrans_85C
samtrans,samtrans_KXN
samtrans,samtrans_KXS
santa_rosa,santa_rosa_10PinerRd
santa_rosa,santa_rosa_11FL
santa_rosa,santa_rosa_12RV
santa_rosa,santa_rosa_14MN
santa_rosa,santa_rosa_15
santa_rosa,santa_rosa_16
santa_rosa,santa_rosa_16e
santa_rosa,santa_rosa_16w
santa_rosa,santa_rosa_17
santa_rosa,santa_rosa_18
santa_rosa,santa_rosa_1CH
santa_rosa,santa_rosa_2BV
santa_rosa,santa_rosa_3W9
santa_rosa,santa_rosa_4R
santa_rosa,santa_rosa_5SothPark
santa_rosa,santa_rosa_6W3
santa_rosa,santa_rosa_8nMAY
santa_rosa,santa_rosa_8sMAY
santa_rosa,santa_rosa_9EBCRP
santa_rosa,santa_rosa_9WBCRP
scvta,scvta_101
scvta,scvta_102
scvta,scvta_103
scvta,scvta_104
scvta,scvta_120
scvta,scvta_121
scvta,scvta_122
scvta,scvta_13
scvta,scvta_140
scvta,scvta_140A
scvta,scvta_15
scvta,scvta_15A
scvta,scvta_16
scvta,scvta_17
scvta,scvta_180VTN
scvta,scvta_180VTS
scvta,scvta_182
scvta,scvta_19
scvta,scvta_19SBA
scvta,scvta_22AVTA_
scvta,scvta_22B
scvta,scvta_22C
scvta,scvta_22D
scvta,scvta_23
scvta,scvta_23A
scvta,scvta_25
scvta,scvta_25A
scvta,scvta_26
scvta,scvta_27
scvta,scvta_304
scvta,scvta_305
scvta,scvta_31
scvta,scvta_32
scvta,scvta_321
scvta,scvta_328
scvta,scvta_33
scvta,scvta_330
scvta,scvta_34
scvta,scvta_34A
scvta,scvta_35
scvta,scvta_36
scvta,scvta_36A
scvta,scvta_37
scvta,scvta_38
scvta,scvta_39
scvta,scvta_40
scvta,scvta_44
scvta,scvta_45
scvta,scvta_46
scvta,scvta_47
scvta,scvta_51
scvta,scvta_52
scvta,scvta_522
scvta,scvta_53
scvta,scvta_53MD
scvta,scvta_54N
scvta,scvta_54S
scvta,scvta_55
scvta,scvta_57
scvta,scvta_58
scvta,scvta_59
scvta,scvta_59MD
scvta,scvta_60N
scvta,scvta_60S
scvta,scvta_62A
scvta,scvta_62B
scvta,scvta_63
scvta,scvta_64A
scvta,scvta_64B
scvta,scvta_64C
scvta,scvta_65
scvta,scvta_66
scvta,scvta_66A
scvta,scvta_67
scvta,scvta_68NBA
scvta,scvta_68NBB
scvta,scvta_68SBA
scvta,scvta_68SBB
scvta,scvta_70
scvta,scvta_71
scvta,scvta_72
scvta,scvta_72A
scvta,scvta_73
scvta,scvta_76
scvta,scvta_77
scvta,scvta_77NBA
scvta,scvta_77SBA
scvta,scvta_81A
scvta,scvta_81B
scvta,scvta_81C
scvta,scvta_82
scvta,scvta_85
scvta,scvta_88
scvta,scvta_88AM2
scvta,scvta_88MD
scvta,scvta_88PM2
scvta,scvta_DB
scvta,scvta_DB1
scvta,scvta_DBMD
scvta,scvta_SCLRT1
scvta,scvta_SCLRT2
scvta,scvta_SCLRT3
scvta,scvta_SCLRT3A
scvta,scvta_SCLRT3B
sf_muni,sf_muni_1
sf_muni,sf_muni_10
sf_muni,sf_muni_108
sf_muni,sf_muni_12
sf_muni,sf_muni_14
sf_muni,sf_muni_14L
sf_muni,sf_muni_14SHORT
sf_muni,sf_muni_14X
sf_muni,sf_muni_16X
sf_muni,sf_muni_17
sf_muni,sf_muni_18
sf_muni,sf_muni_19
sf_muni,sf_muni_1AX
sf_muni,sf_muni_1BX
sf_muni,sf_muni_1SHORT
sf_muni,sf_muni_2
sf_muni,sf_muni_21
sf_muni,sf_muni_22
sf_muni,sf_muni_23
sf_muni,sf_muni_24
sf_muni,sf_muni_24EA
sf_muni,sf_muni_27
sf_muni,sf_muni_28
sf_muni,sf_muni_28L
sf_muni,sf_muni_29
sf_muni,sf_muni_3
sf_muni,sf_muni_30
sf_muni,sf_muni_30SHORT
sf_muni,sf_muni_30X
sf_muni,sf_muni_31
sf_muni,sf_muni_31AX
sf_muni,sf_muni_31BX
sf_muni,sf_muni_33
sf_muni,sf_muni_35
sf_muni,sf_muni_36
sf_muni,sf_muni_37
sf_muni,sf_muni_38AX
sf_muni,sf_muni_38BX
sf_muni,sf_muni_38FTM
sf_muni,sf_muni_38L
sf_muni,sf_muni_38PTL
sf_muni,sf_muni_38_33RD
sf_muni,sf_muni_39
sf_muni,sf_muni_41
sf_muni,sf_muni_43
sf_muni,sf_muni_44
sf_muni,sf_muni_45
sf_muni,sf_muni_47
sf_muni,sf_muni_48
sf_muni,sf_muni_49
sf_muni,sf_muni_5
sf_muni,sf_muni_52
sf_muni,sf_muni_54
sf_muni,sf_muni_56
sf_muni,sf_muni_59
sf_muni,sf_muni_5EA
sf_muni,sf_muni_5SHORT
sf_muni,sf_muni_6
sf_muni,sf_muni_60
sf_muni,sf_muni_61
sf_muni,sf_muni_66
sf_muni,sf_muni_67
sf_muni,sf_muni_71
sf_muni,sf_muni_71L
sf_muni,sf_muni_80X
sf_muni,sf_muni_81X
sf_muni,sf_muni_82X
sf_muni,sf_muni_83X
sf_muni,sf_muni_88
sf_muni,sf_muni_8AX
sf_muni,sf_muni_8BX
sf_muni,sf_muni_8X
sf_muni,sf_muni_9
sf_muni,sf_muni_90
sf_muni,sf_muni_91
sf_muni,sf_muni_94L
sf_muni,sf_muni_94N
sf_muni,sf_muni_9L
sf_muni,sf_muni_F
sf_muni,sf_muni_J
sf_muni,sf_muni_K
sf_muni,sf_muni_L
sf_muni,sf_muni_M
sf_muni,sf_muni_N
sf_muni,sf_muni_NX
shuttle,shuttle_10VTA
shuttle,shuttle_ACEGRN_
shuttle,shuttle_ACEGRY_
shuttle,shuttle_ACEORN_
shuttle,shuttle_ACEPUR_
shuttle,shuttle_ACERED_
shuttle,shuttle_ACETAN_
shuttle,shuttle_ACEVIO_
shuttle,shuttle_ACEYLW_
shuttle,shuttle_AMTK34AE
shuttle,shuttle_AMTK34AW
shuttle,shuttle_AMTK34E
shuttle,shuttle_AMTK34W
shuttle,shuttle_AMTK7N
shuttle,shuttle_AMTK7S
shuttle,shuttle_AMTKSF1IB
shuttle,shuttle_AMTKSF1OB
shuttle,shuttle_AMTKSF2IB
shuttle,shuttle_AMTKSF2OB
shuttle,shuttle_AMTKSF3IB
shuttle,shuttle_AMTKSF3OB
shuttle,shuttle_AMTKSF4IB
shuttle,shuttle_AMTKSF4OB
shuttle,shuttle_AMTKSF5IB
shuttle,shuttle_AMTKSF6IB
shuttle,shuttle_AMTKSF6OB
shuttle,shuttle_AMTKSF7IB
shuttle,shuttle_AMTKXPN
shuttle,shuttle_AMTKXPS
shuttle,shuttle_Embar
shuttle,shuttle_HOLLISE
shuttle,shuttle_HOLLISW
shuttle,shuttle_MDS
shuttle,shuttle_MRA
shuttle,shuttle_MRB_CCW
shuttle,shuttle_MRB_CW
shuttle,shuttle_MRC
shuttle,shuttle_MRDTX
shuttle,shuttle_MRPALM_
shuttle,shuttle_MRSL
shuttle,shuttle_MRVA
shuttle,shuttle_Powell
shuttle,shuttle_SLLinks
shuttle,shuttle_VTADASH
shuttle,shuttle_VTAGA
shuttle,shuttle_VTAIBM_
shuttle,shuttle_VTAKA
shuttle,shuttle_VTAR
shuttle,shuttle_cross
soltrans,soltrans_1N
soltrans,soltrans_1S
soltrans,soltrans_200
soltrans,soltrans_2N
soltrans,soltrans_2S
soltrans,soltrans_3E
soltrans,soltrans_3W
soltrans,soltrans_4
soltrans,soltrans_5
soltrans,soltrans_6
soltrans,soltrans_7
soltrans,soltrans_8
soltrans,soltrans_80
soltrans,soltrans_85
soltrans,soltrans_90
soltrans,soltrans_90MD
soltrans,soltrans_91
soltrans,soltrans_9N
soltrans,soltrans_9S
sonoma_county_transit,sonoma_county_transit_10RPL
sonoma_county_transit,sonoma_county_transit_12RPL
sonoma_county_transit,sonoma_county_transit_14RPL
sonoma_county_transit,sonoma_county_transit_20MRL
sonoma_county_transit,sonoma_county_transit_22SEBX
sonoma_county_transit,sonoma_county_transit_24S
sonoma_county_transit,sonoma_county_transit_26
sonoma_county_transit,sonoma_county_transit_28LP1
sonoma_county_transit,sonoma_county_transit_28LP4
sonoma_county_transit,sonoma_county_transit_30NBL
sonoma_county_transit,sonoma_county_transit_30NBX
sonoma_county_transit,sonoma_county_transit_30SBL
sonoma_county_transit,sonoma_county_transit_30SBX
sonoma_county_transit,sonoma_county_transit_32L
sonoma_county_transit,sonoma_county_transit_34SNV_
sonoma_county_transit,sonoma_county_transit_40EBL
sonoma_county_transit,sonoma_county_transit_40WBL
sonoma_county_transit,sonoma_county_transit_42L
sonoma_county_transit,sonoma_county_transit_44NBL
sonoma_county_transit,sonoma_county_transit_44SBL
sonoma_county_transit,sonoma_county_transit_46SSU_
sonoma_county_transit,sonoma_county_transit_48NBL
sonoma_county_transit,sonoma_county_transit_48SBL
sonoma_county_transit,sonoma_county_transit_60CNL
sonoma_county_transit,sonoma_county_transit_60CSL
sonoma_county_transit,sonoma_county_transit_60HL
sonoma_county_transit,sonoma_county_transit_60HXS
sonoma_county_transit,sonoma_county_transit_62NBL
sonoma_county_transit,sonoma_county_transit_62SBL
sonoma_county_transit,sonoma_county_transit_64NBL
sonoma_county_transit,sonoma_county_transit_64SBL
sonoma_county_transit,sonoma_county_transit_66_SL
sonoma_county_transit,sonoma_county_transit_Temelec
sonoma_county_transit,sonoma_county_transit_ValyMoonN
sonoma_county_transit,sonoma_county_transit_ValyMoonS
tri_delta_transit,tri_delta_transit_200
tri_delta_transit,tri_delta_transit_300
tri_delta_transit,tri_delta_transit_380TRI_
tri_delta_transit,tri_delta_transit_383TR
tri_delta_transit,tri_delta_transit_383TRI_CCW
tri_delta_transit,tri_delta_transit_384TR
tri_delta_transit,tri_delta_transit_385TR
tri_delta_transit,tri_delta_transit_387TRI_
tri_delta_transit,tri_delta_transit_388TRI_
tri_delta_transit,tri_delta_transit_389TR_CCW
tri_delta_transit,tri_delta_transit_389TR_CW
tri_delta_transit,tri_delta_transit_390TRI_
tri_delta_transit,tri_delta_transit_391EBTR
tri_delta_transit,tri_delta_transit_391WBTR
tri_delta_transit,tri_delta_transit_70
tri_delta_transit,tri_delta_transit_BDAR
union_city_transit,union_city_transit_1AN_1BS
union_city_transit,union_city_transit_1AS_1BN
union_city_transit,union_city_transit_2ebWHIP
union_city_transit,union_city_transit_2wbWHIP
union_city_transit,union_city_transit_3ebALM
union_city_transit,union_city_transit_3wbALM
union_city_transit,union_city_transit_4SH
vacaville,vacaville_1NOVV
vacaville,vacaville_2CV
vacaville,vacaville_4
vacaville,vacaville_5
vacaville,vacaville_6
vacaville,vacaville_6B
vacaville,vacaville_8
vine,vine_10NVT
vine,vine_10NVTN
vine,vine_10NVTNA
vine,vine_10NVTS
vine,vine_10NVTSA
vine,vine_10NVTSEXP
vine,vine_10nb
vine,vine_10sb
vine,vine_1Bn
vine,vine_1Bs
vine,vine_2
vine,vine_3A
vine,vine_3B
vine,vine_4nb
vine,vine_4sb
vine,vine_5
vine,vine_6
vine,vine_7nb
vine,vine_7sb
vine,vine_VVFEXP
west_berkeley_shuttle,west_berkeley_shuttle_WBrkley
west_berkeley_shuttle,west_berkeley_shuttle_WBrkleyPM
westcat,westcat_10e
westcat,westcat_10s
westcat,westcat_11nbWCH
westcat,westcat_11sbWCH
westcat,westcat_12
westcat,westcat_13e
westcat,westcat_13s
westcat,westcat_14e
westcat,westcat_14w
westcat,westcat_15
westcat,westcat_16
westcat,westcat_17n
westcat,westcat_17s
westcat,westcat_18
westcat,westcat_19nb
westcat,westcat_19sb
westcat,westcat_JL
westcat,westcat_JPX
westcat,westcat_JR
westcat,westcat_JX
westcat,westcat_LYNX
westcat,westcat_ML30Z
